first_name,last_name,full_name,team,position,gsis_id
Aaron,Rodgers,Aaron Rodgers,PIT,QB,00-0023459
Joe,Flacco,Joe Flacco,CIN,QB,00-0026158
Josh,Johnson,Josh Johnson,CIN,QB,00-0026300
Matthew,Stafford,Matthew Stafford,LA,QB,00-0026498
Andy,Dalton,Andy Dalton,PHI,QB,00-0027973
Tyrod,Taylor,Tyrod Taylor,GB,QB,00-0028118
Case,Keenum,Case Keenum,CHI,QB,00-0028986
Kirk,Cousins,Kirk Cousins,LV,QB,00-0029604
Kyle,Juszczyk,Kyle Juszczyk,SF,RB,00-0029892
Zach,Ertz,Zach Ertz,PHI,TE,00-0030061
Keenan,Allen,Keenan Allen,IND,WR,00-0030279
Travis,Kelce,Travis Kelce,KC,TE,00-0030506
Geno,Smith,Geno Smith,NYJ,QB,00-0030565
Brandin,Cooks,Brandin Cooks,SF,WR,00-0031236
Davante,Adams,Davante Adams,LA,WR,00-0031381
Mike,Evans,Mike Evans,SF,WR,00-0031408
Chris,Manhertz,Chris Manhertz,NYG,TE,00-0031484
Jameis,Winston,Jameis Winston,NYG,QB,00-0031503
Stefon,Diggs,Stefon Diggs,WAS,WR,00-0031588
Michael,Burton,Michael Burton,CLE,RB,00-0031595
Darren,Waller,Darren Waller,CAR,TE,00-0031610
Ameer,Abdullah,Ameer Abdullah,JAX,RB,00-0032104
Phillip,Dorsett,Phillip Dorsett,LV,WR,00-0032208
Marcus,Mariota,Marcus Mariota,WAS,QB,00-0032268
Sterling,Shepard,Sterling Shepard,NYJ,WR,00-0032385
Austin,Hooper,Austin Hooper,ATL,TE,00-0032392
Nick,Vannett,Nick Vannett,BAL,TE,00-0032394
Chris,Moore,Chris Moore,BAL,WR,00-0032398
Kalif,Raymond,Kalif Raymond,CHI,WR,00-0032464
Derrick,Henry,Derrick Henry,BAL,RB,00-0032764
Demarcus,Robinson,Demarcus Robinson,SF,WR,00-0032775
Carson,Wentz,Carson Wentz,MIN,QB,00-0032950
Laquon,Treadwell,Laquon Treadwell,IND,WR,00-0032951
Dak,Prescott,Dak Prescott,DAL,QB,00-0033077
Hunter,Henry,Hunter Henry,NE,TE,00-0033090
Jared,Goff,Jared Goff,DET,QB,00-0033106
Tyler,Higbee,Tyler Higbee,LA,TE,00-0033110
Jacoby,Brissett,Jacoby Brissett,ARI,QB,00-0033119
Mo,Alie-Cox,Mo Alie-Cox,IND,TE,00-0033217
Johnny,Mundt,Johnny Mundt,PHI,TE,00-0033246
Christian,McCaffrey,Christian McCaffrey,SF,RB,00-0033280
George,Kittle,George Kittle,SF,TE,00-0033288
Aaron,Jones,Aaron Jones,MIN,RB,00-0033293
Kendrick,Bourne,Kendrick Bourne,ARI,WR,00-0033307
Nick,Mullens,Nick Mullens,JAX,QB,00-0033319
Tim,Patrick,Tim Patrick,NYJ,WR,00-0033375
Patrick,Ricard,Patrick Ricard,NYG,RB,00-0033376
Pharaoh,Brown,Pharaoh Brown,IND,TE,00-0033439
Samaje,Perine,Samaje Perine,CIN,RB,00-0033526
Deshaun,Watson,Deshaun Watson,CLE,QB,00-0033537
James,Conner,James Conner,ARI,RB,00-0033553
Mack,Hollins,Mack Hollins,NE,WR,00-0033555
Eric,Saubert,Eric Saubert,SEA,TE,00-0033576
David,Moore,David Moore,CAR,WR,00-0033589
Cooper,Rush,Cooper Rush,ATL,QB,00-0033662
Austin,Ekeler,Austin Ekeler,WAS,RB,00-0033699
Robert,Tonyan,Robert Tonyan,PIT,TE,00-0033757
Dare,Ogunbowale,Dare Ogunbowale,HOU,RB,00-0033854
Jonnu,Smith,Jonnu Smith,GB,TE,00-0033858
Mitchell,Trubisky,Mitchell Trubisky,TEN,QB,00-0033869
Patrick,Mahomes,Patrick Mahomes,KC,QB,00-0033873
Evan,Engram,Evan Engram,DEN,TE,00-0033881
David,Njoku,David Njoku,LAC,TE,00-0033885
Alvin,Kamara,Alvin Kamara,NO,RB,00-0033906
Cooper,Kupp,Cooper Kupp,SEA,WR,00-0033908
Chris,Godwin Jr.,Chris Godwin Jr.,TB,WR,00-0033921
Joshua,Dobbs,Joshua Dobbs,DET,QB,00-0033949
Jeremy,McNichols,Jeremy McNichols,WAS,RB,00-0033955
Tyler,Conklin,Tyler Conklin,DET,TE,00-0034270
Marquez,Valdes-Scantling,Marquez Valdes-Scantling,LAC,WR,00-0034272
Courtland,Sutton,Courtland Sutton,DEN,WR,00-0034348
Dallas,Goedert,Dallas Goedert,PHI,TE,00-0034351
Ian,Thomas,Ian Thomas,LV,TE,00-0034365
Dalton,Schultz,Dalton Schultz,HOU,TE,00-0034383
Ray-Ray,McCloud,Ray-Ray McCloud,CHI,WR,00-0034407
Braxton,Berrios,Braxton Berrios,NYG,WR,00-0034419
Trent,Sherfield,Trent Sherfield,BUF,WR,00-0034487
Kyle,Allen,Kyle Allen,BUF,QB,00-0034577
Tanner,Hudson,Tanner Hudson,CIN,TE,00-0034613
Mark,Andrews,Mark Andrews,BAL,TE,00-0034753
Mason,Rudolph,Mason Rudolph,PIT,QB,00-0034771
Christian,Kirk,Christian Kirk,SF,WR,00-0034775
Lamar,Jackson,Lamar Jackson,BAL,QB,00-0034796
Durham,Smythe,Durham Smythe,BAL,TE,00-0034798
DJ,Moore,DJ Moore,BUF,WR,00-0034827
Mike,Gesicki,Mike Gesicki,CIN,TE,00-0034829
Calvin,Ridley,Calvin Ridley,TEN,WR,00-0034837
Saquon,Barkley,Saquon Barkley,PHI,RB,00-0034844
KhaDarel,Hodge,KhaDarel Hodge,SF,WR,00-0034854
Baker,Mayfield,Baker Mayfield,TB,QB,00-0034855
Josh,Allen,Josh Allen,BUF,QB,00-0034857
Dante,Pettis,Dante Pettis,SF,WR,00-0034860
Sam,Darnold,Sam Darnold,SEA,QB,00-0034869
Brett,Rypien,Brett Rypien,TB,QB,00-0034955
Andrew,Beck,Andrew Beck,NYJ,RB,00-0034959
Jakobi,Meyers,Jakobi Meyers,JAX,WR,00-0034960
Justice,Hill,Justice Hill,BAL,RB,00-0034975
Foster,Moreau,Foster Moreau,HOU,TE,00-0034981
Ashton,Dulin,Ashton Dulin,IND,WR,00-0035021
Stephen,Carlson,Stephen Carlson,CHI,TE,00-0035039
D.J.,Montgomery,D.J. Montgomery,IND,WR,00-0035045
Alec,Ingold,Alec Ingold,LAC,RB,00-0035125
Olamide,Zaccheaus,Olamide Zaccheaus,ATL,WR,00-0035208
Kyler,Murray,Kyler Murray,MIN,QB,00-0035228
T.J.,Hockenson,T.J. Hockenson,MIN,TE,00-0035229
Josh,Oliver,Josh Oliver,MIN,TE,00-0035249
Devin,Singletary,Devin Singletary,NYG,RB,00-0035250
Tony,Pollard,Tony Pollard,TEN,RB,00-0035261
Jarrett,Stidham,Jarrett Stidham,DEN,QB,00-0035264
Easton,Stick,Easton Stick,TB,QB,00-0035282
Gardner,Minshew,Gardner Minshew,ARI,QB,00-0035289
Chris,Myarick,Chris Myarick,LV,TE,00-0035345
David,Sills,David Sills,TB,WR,00-0035359
Lil'Jordan,Humphrey,Lil'Jordan Humphrey,DEN,WR,00-0035406
Greg,Dortch,Greg Dortch,BUF,WR,00-0035500
Darius,Slayton,Darius Slayton,IND,WR,00-0035535
Ty,Johnson,Ty Johnson,BUF,RB,00-0035537
Tom,Kennedy,Tom Kennedy,DET,WR,00-0035544
Craig,Reynolds,Craig Reynolds,WAS,RB,00-0035567
Gary,Jennings,Gary Jennings,LAC,WR,00-0035589
Travis,Homer,Travis Homer,PIT,RB,00-0035594
Alex,Bachman,Alex Bachman,LA,WR,00-0035602
Drew,Sample,Drew Sample,CIN,TE,00-0035631
DK,Metcalf,DK Metcalf,PIT,WR,00-0035640
Noah,Fant,Noah Fant,NO,TE,00-0035644
Gunner,Olszewski,Gunner Olszewski,NYG,WR,00-0035645
Terry,McLaurin,Terry McLaurin,WAS,WR,00-0035659
Marquise,Brown,Marquise Brown,PHI,WR,00-0035662
A.J.,Brown,A.J. Brown,NE,WR,00-0035676
David,Montgomery,David Montgomery,HOU,RB,00-0035685
Dawson,Knox,Dawson Knox,BUF,TE,00-0035689
Josh,Jacobs,Josh Jacobs,GB,RB,00-0035700
Drew,Lock,Drew Lock,SEA,QB,00-0035704
Daniel,Jones,Daniel Jones,IND,QB,00-0035710
Deebo,Samuel Sr.,Deebo Samuel Sr.,SF,WR,00-0035719
Cody,White,Cody White,LV,WR,00-0035891
Jonathan,Ward,Jonathan Ward,BAL,RB,00-0035924
Tyler,Huntley,Tyler Huntley,BAL,QB,00-0035993
Salvon,Ahmed,Salvon Ahmed,CHI,RB,00-0036020
Juwan,Johnson,Juwan Johnson,NO,TE,00-0036040
Rico,Dowdle,Rico Dowdle,PIT,RB,00-0036139
J.K.,Dobbins,J.K. Dobbins,DEN,RB,00-0036158
Isaiah,Hodgins,Isaiah Hodgins,PIT,WR,00-0036165
Nick,Westbrook-Ikhine,Nick Westbrook-Ikhine,IND,WR,00-0036182
Reggie,Gilliam,Reggie Gilliam,NE,RB,00-0036187
Tua,Tagovailoa,Tua Tagovailoa,ATL,QB,00-0036212
Jonathan,Taylor,Jonathan Taylor,IND,RB,00-0036223
Colby,Parkinson,Colby Parkinson,LA,TE,00-0036244
Michael,Pittman,Michael Pittman,PIT,WR,00-0036252
Jauan,Jennings,Jauan Jennings,MIN,WR,00-0036259
Jordan,Love,Jordan Love,GB,QB,00-0036264
AJ,Dillon,AJ Dillon,CAR,RB,00-0036265
D'Andre,Swift,D'Andre Swift,CHI,RB,00-0036275
Cole,Kmet,Cole Kmet,CHI,TE,00-0036290
Darnell,Mooney,Darnell Mooney,NYG,WR,00-0036309
Justin,Jefferson,Justin Jefferson,MIN,WR,00-0036322
Devin,Duvernay,Devin Duvernay,ARI,WR,00-0036331
Josiah,Deguara,Josiah Deguara,PHI,TE,00-0036332
K.J.,Osborn,K.J. Osborn,TEN,WR,00-0036345
Justin,Herbert,Justin Herbert,LAC,QB,00-0036355
CeeDee,Lamb,CeeDee Lamb,DAL,WR,00-0036358
Jalen,Reagor,Jalen Reagor,MIA,WR,00-0036387
Jalen,Hurts,Jalen Hurts,PHI,QB,00-0036389
Jerry,Jeudy,Jerry Jeudy,CLE,WR,00-0036407
Tee,Higgins,Tee Higgins,CIN,WR,00-0036410
Van,Jefferson,Van Jefferson,WAS,WR,00-0036415
Adam,Trautman,Adam Trautman,DEN,TE,00-0036422
Albert,Okwuegbunam,Albert Okwuegbunam,LV,TE,00-0036423
DeeJay,Dallas,DeeJay Dallas,MIN,RB,00-0036425
Tyler,Johnson,Tyler Johnson,NYJ,WR,00-0036427
Charlie,Woerner,Charlie Woerner,ATL,TE,00-0036429
Joe,Burrow,Joe Burrow,CIN,QB,00-0036442
Chris,Blair,Chris Blair,ATL,WR,00-0036463
Tim,Jones,Tim Jones,JAX,WR,00-0036497
Rashod,Bateman,Rashod Bateman,BAL,WR,00-0036550
Nico,Collins,Nico Collins,HOU,WR,00-0036554
Chuba,Hubbard,Chuba Hubbard,CAR,RB,00-0036555
Brevin,Jordan,Brevin Jordan,HOU,TE,00-0036556
Quintin,Morris,Quintin Morris,JAX,TE,00-0036590
Jaylen,Waddle,Jaylen Waddle,DEN,WR,00-0036613
Dyami,Brown,Dyami Brown,WAS,WR,00-0036626
John,Bates,John Bates,WAS,TE,00-0036628
Tylan,Wallace,Tylan Wallace,CLE,WR,00-0036630
Ihmir,Smith-Marsette,Ihmir Smith-Marsette,CAR,WR,00-0036635
Noah,Gray,Noah Gray,KC,TE,00-0036637
Simi,Fehoko,Simi Fehoko,ARI,WR,00-0036646
Shane,Buechele,Shane Buechele,BUF,QB,00-0036679
Adam,Prentice,Adam Prentice,DEN,RB,00-0036727
Jack,Stoll,Jack Stoll,SF,TE,00-0036741
Brock,Wright,Brock Wright,DET,TE,00-0036754
Brandon,Smith,Brandon Smith,PIT,WR,00-0036775
Feleipe,Franks,Feleipe Franks,CAR,TE,00-0036825
Austin,Trammell,Austin Trammell,JAX,WR,00-0036841
Kene,Nwangwu,Kene Nwangwu,NYJ,RB,00-0036842
Tutu,Atwell,Tutu Atwell,LA,WR,00-0036849
Ben,Skowronek,Ben Skowronek,PIT,WR,00-0036862
Rhamondre,Stevenson,Rhamondre Stevenson,NE,RB,00-0036875
Kylen,Granson,Kylen Granson,TEN,TE,00-0036876
Sam,Ehlinger,Sam Ehlinger,DEN,QB,00-0036879
Luke,Farrell,Luke Farrell,SF,TE,00-0036887
Najee,Harris,Najee Harris,NYG,RB,00-0036893
Pat,Freiermuth,Pat Freiermuth,PIT,TE,00-0036894
Davis,Mills,Davis Mills,HOU,QB,00-0036898
Ja'Marr,Chase,Ja'Marr Chase,CIN,WR,00-0036900
Khalil,Herbert,Khalil Herbert,ATL,RB,00-0036906
DeVonta,Smith,DeVonta Smith,PHI,WR,00-0036912
Kenny,Gainwell,Kenny Gainwell,TB,RB,00-0036919
Michael,Carter,Michael Carter,TEN,RB,00-0036924
Justin,Fields,Justin Fields,KC,QB,00-0036945
Michael,Bandy,Michael Bandy,DEN,WR,00-0036959
Amon-Ra,St. Brown,Amon-Ra St. Brown,DET,WR,00-0036963
Kyle,Pitts,Kyle Pitts,ATL,TE,00-0036970
Trevor,Lawrence,Trevor Lawrence,JAX,QB,00-0036971
Mac,Jones,Mac Jones,SF,QB,00-0036972
Travis,Etienne,Travis Etienne,NO,RB,00-0036973
Elijah,Moore,Elijah Moore,PHI,WR,00-0036980
Trey,Sermon,Trey Sermon,ATL,RB,00-0036984
Josh,Palmer,Josh Palmer,BUF,WR,00-0036988
Javonte,Williams,Javonte Williams,DAL,RB,00-0036997
Hunter,Long,Hunter Long,ARI,TE,00-0037004
Tommy,Tremble,Tommy Tremble,CAR,TE,00-0037005
Trey,Lance,Trey Lance,LAC,QB,00-0037012
Zach,Wilson,Zach Wilson,NO,QB,00-0037013
Nikola,Kalinic,Nikola Kalinic,CHI,TE,00-0037031
Sam,Howell,Sam Howell,DAL,QB,00-0037077
Cole,Turner,Cole Turner,MIA,TE,00-0037078
Tyler,Badie,Tyler Badie,DEN,RB,00-0037085
Grant,Calcaterra,Grant Calcaterra,PHI,TE,00-0037086
Bo,Melton,Bo Melton,GB,WR,00-0037091
Dareke,Young,Dareke Young,LV,WR,00-0037093
Jake,Tonges,Jake Tonges,SF,TE,00-0037112
Tyler,Goodson,Tyler Goodson,DAL,RB,00-0037120
Britain,Covey,Britain Covey,PHI,WR,00-0037132
Irvin,Charles,Irvin Charles,SEA,WR,00-0037156
Bam,Knight,Bam Knight,ARI,RB,00-0037157
Isiah,Pacheco,Isiah Pacheco,DET,RB,00-0037197
Jaylen,Warren,Jaylen Warren,PIT,RB,00-0037228
Kevin,Austin Jr.,Kevin Austin Jr.,NO,WR,00-0037231
Drake,London,Drake London,ATL,WR,00-0037238
Chris,Olave,Chris Olave,NO,WR,00-0037239
Jameson,Williams,Jameson Williams,DET,WR,00-0037240
George,Pickens,George Pickens,DAL,WR,00-0037247
James,Cook,James Cook,BUF,RB,00-0037248
Greg,Dulcich,Greg Dulcich,MIA,TE,00-0037252
Rachaad,White,Rachaad White,WAS,RB,00-0037256
Dameon,Pierce,Dameon Pierce,PHI,RB,00-0037258
Khalil,Shakir,Khalil Shakir,BUF,WR,00-0037261
Tyler,Allgeier,Tyler Allgeier,ARI,RB,00-0037263
Ty,Chandler,Ty Chandler,NO,RB,00-0037276
Teagan,Quitoriano,Teagan Quitoriano,ARI,TE,00-0037277
James,Mitchell,James Mitchell,DAL,TE,00-0037282
Jalen,Nailor,Jalen Nailor,LV,WR,00-0037291
Andrew,Ogletree,Andrew Ogletree,IND,TE,00-0037292
Connor,Heyward,Connor Heyward,LV,RB,00-0037304
John,FitzPatrick,John FitzPatrick,CLE,TE,00-0037306
Ko,Kieft,Ko Kieft,TB,TE,00-0037311
Nick,Muse,Nick Muse,ATL,TE,00-0037317
Chris,Oladokun,Chris Oladokun,KC,QB,00-0037324
Skylar,Thompson,Skylar Thompson,BAL,QB,00-0037327
Brittain,Brown,Brittain Brown,CHI,RB,00-0037329
Zaire,Mitchell-Paden,Zaire Mitchell-Paden,HOU,TE,00-0037340
Tanner,Conner,Tanner Conner,NE,TE,00-0037348
Kaden,Davis,Kaden Davis,CHI,WR,00-0037380
Brandon,Johnson,Brandon Johnson,PIT,WR,00-0037382
Stone,Smartt,Stone Smartt,NO,TE,00-0037475
Deven,Thompkins,Deven Thompkins,LV,WR,00-0037487
Sincere,McCormick,Sincere McCormick,SF,RB,00-0037509
Tay,Martin,Tay Martin,DET,WR,00-0037524
Jordan,Mason,Jordan Mason,MIN,RB,00-0037525
Lucas,Krull,Lucas Krull,DEN,TE,00-0037539
Rashid,Shaheed,Rashid Shaheed,SEA,WR,00-0037545
Ronnie,Rivers,Ronnie Rivers,LA,RB,00-0037557
Malik,Davis,Malik Davis,DAL,RB,00-0037563
Julius,Chestnut,Julius Chestnut,TEN,RB,00-0037594
John,Metchie III,John Metchie III,CAR,WR,00-0037614
Hassan,Haskins,Hassan Haskins,NE,RB,00-0037617
Alec,Pierce,Alec Pierce,IND,WR,00-0037664
Jalen,Tolbert,Jalen Tolbert,MIA,WR,00-0037666
Garrett,Wilson,Garrett Wilson,NYJ,WR,00-0037740
Jahan,Dotson,Jahan Dotson,ATL,WR,00-0037741
Treylon,Burks,Treylon Burks,WAS,WR,00-0037742
Trey,McBride,Trey McBride,ARI,TE,00-0037744
Velus,Jones Jr.,Velus Jones Jr.,SEA,RB,00-0037745
Brian,Robinson,Brian Robinson,ATL,RB,00-0037746
Jelani,Woods,Jelani Woods,NYJ,TE,00-0037755
KaVontae,Turpin,KaVontae Turpin,DAL,WR,00-0037801
Jeremy,Ruckert,Jeremy Ruckert,NYJ,TE,00-0037805
Chig,Okonkwo,Chig Okonkwo,WAS,TE,00-0037809
Romeo,Doubs,Romeo Doubs,NE,WR,00-0037816
Brock,Purdy,Brock Purdy,SF,QB,00-0037834
Calvin,Austin III,Calvin Austin III,NYG,WR,00-0037837
Isaiah,Likely,Isaiah Likely,NYG,TE,00-0037838
Kyren,Williams,Kyren Williams,LA,RB,00-0037840
Zamir,White,Zamir White,NO,RB,00-0038040
Jake,Ferguson,Jake Ferguson,DAL,TE,00-0038041
Charlie,Kolar,Charlie Kolar,LAC,TE,00-0038046
Skyy,Moore,Skyy Moore,GB,WR,00-0038090
Pierre,Strong,Pierre Strong,GB,RB,00-0038098
Kenny,Pickett,Kenny Pickett,CAR,QB,00-0038102
Tyquan,Thornton,Tyquan Thornton,KC,WR,00-0038104
Daniel,Bellinger,Daniel Bellinger,TEN,TE,00-0038115
Wan'Dale,Robinson,Wan'Dale Robinson,TEN,WR,00-0038117
Breece,Hall,Breece Hall,NYJ,RB,00-0038120
Christian,Watson,Christian Watson,GB,WR,00-0038124
Malik,Willis,Malik Willis,MIA,QB,00-0038128
Cade,Otton,Cade Otton,TB,TE,00-0038129
Kenneth,Walker III,Kenneth Walker III,KC,RB,00-0038134
Thomas,Odukoya,Thomas Odukoya,KC,TE,00-0038145
Lucky,Jackson,Lucky Jackson,DET,WR,00-0038181
Xavier,Smith,Xavier Smith,LA,WR,00-0038359
Israel,Abanikanda,Israel Abanikanda,DAL,RB,00-0038389
Sean,Clifford,Sean Clifford,CIN,QB,00-0038391
Dontayvion,Wicks,Dontayvion Wicks,PHI,WR,00-0038393
Will,Mallory,Will Mallory,IND,TE,00-0038394
Eric,Gray,Eric Gray,CLE,RB,00-0038396
Evan,Hull,Evan Hull,ARI,RB,00-0038397
Tanner,McKee,Tanner McKee,PHI,QB,00-0038400
Lew,Nichols III,Lew Nichols III,PIT,RB,00-0038409
Tyson,Bagent,Tyson Bagent,CHI,QB,00-0038416
Zavier,Scott,Zavier Scott,CHI,RB,00-0038440
Keaton,Mitchell,Keaton Mitchell,LAC,RB,00-0038454
Owen,Wright,Owen Wright,LV,RB,00-0038458
Tommy,DeVito,Tommy DeVito,NE,QB,00-0038476
Brady,Russell,Brady Russell,SEA,RB,00-0038488
Ben,VanSumeren,Ben VanSumeren,KC,RB,00-0038489
Xavier,Gipson,Xavier Gipson,PHI,WR,00-0038496
E.J.,Jenkins,E.J. Jenkins,PHI,TE,00-0038498
Nikko,Remigio,Nikko Remigio,KC,WR,00-0038519
Bijan,Robinson,Bijan Robinson,ATL,RB,00-0038542
Jaxon,Smith-Njigba,Jaxon Smith-Njigba,SEA,WR,00-0038543
Quentin,Johnston,Quentin Johnston,LAC,WR,00-0038544
Luke,Schoonmaker,Luke Schoonmaker,DAL,TE,00-0038547
Hendon,Hooker,Hendon Hooker,TEN,QB,00-0038550
Kendre,Miller,Kendre Miller,NO,RB,00-0038551
Tank,Bigsby,Tank Bigsby,PHI,RB,00-0038555
Darnell,Washington,Darnell Washington,PIT,TE,00-0038558
Michael,Wilson,Michael Wilson,ARI,WR,00-0038559
Tre,Tucker,Tre Tucker,LV,WR,00-0038563
Cameron,Latu,Cameron Latu,NE,TE,00-0038564
Derius,Davis,Derius Davis,LAC,WR,00-0038573
Charlie,Jones,Charlie Jones,NYG,WR,00-0038576
Aidan,O'Connell,Aidan O'Connell,LV,QB,00-0038579
Josh,Whyle,Josh Whyle,GB,TE,00-0038589
Chase,Brown,Chase Brown,CIN,RB,00-0038597
Parker,Washington,Parker Washington,JAX,WR,00-0038606
Kayshon,Boutte,Kayshon Boutte,HOU,WR,00-0038608
Chris,Rodriguez Jr.,Chris Rodriguez Jr.,JAX,RB,00-0038611
Scott,Matlock,Scott Matlock,LAC,RB,00-0038614
Xavier,Hutchinson,Xavier Hutchinson,HOU,WR,00-0038618
Andrei,Iosivas,Andrei Iosivas,CIN,WR,00-0038619
DeMario,Douglas,DeMario Douglas,NE,WR,00-0038621
Jalen,Brooks,Jalen Brooks,ARI,WR,00-0038640
Brayden,Willis,Brayden Willis,SF,TE,00-0038643
Ronnie,Bell,Ronnie Bell,LV,WR,00-0038647
Tyrell,Shavers,Tyrell Shavers,BUF,WR,00-0038679
Chris,Brooks,Chris Brooks,GB,RB,00-0038685
Emari,Demercado,Emari Demercado,DAL,RB,00-0038705
Blake,Whiteheart,Blake Whiteheart,CLE,TE,00-0038710
Julian,Hill,Julian Hill,NE,TE,00-0038720
Jared,Wayne,Jared Wayne,HOU,WR,00-0038728
Princeton,Fant,Princeton Fant,DAL,TE,00-0038735
Hunter,Luepke,Hunter Luepke,DAL,RB,00-0038738
Jalen,Cropper,Jalen Cropper,NO,WR,00-0038740
Jake,Bobo,Jake Bobo,SEA,WR,00-0038752
Nate,Adkins,Nate Adkins,DEN,TE,00-0038783
Jaleel,McLaughlin,Jaleel McLaughlin,CLE,RB,00-0038794
Emanuel,Wilson,Emanuel Wilson,SEA,RB,00-0038797
Ryan,Miller,Ryan Miller,MIA,WR,00-0038824
Mitchell,Tinsley,Mitchell Tinsley,CIN,WR,00-0038839
Brycen,Tremayne,Brycen Tremayne,CAR,WR,00-0038840
Jacob,Saylors,Jacob Saylors,DET,RB,00-0038896
Carlos,Washington,Carlos Washington,MIA,RB,00-0038930
Dalton,Kincaid,Dalton Kincaid,BUF,TE,00-0038933
Brenton,Strange,Brenton Strange,JAX,TE,00-0038935
Jalin,Hyatt,Jalin Hyatt,NYG,WR,00-0038938
Tyler,Scott,Tyler Scott,LV,WR,00-0038941
Sean,Tucker,Sean Tucker,TB,RB,00-0038951
Dylan,Drummond,Dylan Drummond,ATL,WR,00-0038953
Marvin,Mims Jr.,Marvin Mims Jr.,DEN,WR,00-0038976
Tank,Dell,Tank Dell,HOU,WR,00-0038977
Cedric,Tillman,Cedric Tillman,NO,WR,00-0038979
Jordan,Addison,Jordan Addison,MIN,WR,00-0038994
Tucker,Kraft,Tucker Kraft,GB,TE,00-0038996
Josh,Downs,Josh Downs,IND,WR,00-0038997
Jake,Haener,Jake Haener,NYG,QB,00-0038998
Roschon,Johnson,Roschon Johnson,CHI,RB,00-0039021
Joel,Wilson,Joel Wilson,TEN,TE,00-0039023
Tyjae,Spears,Tyjae Spears,TEN,RB,00-0039032
De'Von,Achane,De'Von Achane,MIA,RB,00-0039040
Elijah,Higgins,Elijah Higgins,ARI,TE,00-0039041
Payne,Durham,Payne Durham,TB,TE,00-0039050
Trey,Palmer,Trey Palmer,NO,WR,00-0039052
Jonathan,Mingo,Jonathan Mingo,DAL,WR,00-0039062
Zay,Flowers,Zay Flowers,BAL,WR,00-0039064
Sam,LaPorta,Sam LaPorta,DET,TE,00-0039065
Michael,Mayer,Michael Mayer,LV,TE,00-0039066
Rashee,Rice,Rashee Rice,KC,WR,00-0039067
Davis,Allen,Davis Allen,LA,TE,00-0039074
Puka,Nacua,Puka Nacua,LA,WR,00-0039075
Stetson,Bennett,Stetson Bennett,LA,QB,00-0039107
Jahmyr,Gibbs,Jahmyr Gibbs,DET,RB,00-0039139
Luke,Musgrave,Luke Musgrave,GB,TE,00-0039144
Jayden,Reed,Jayden Reed,GB,WR,00-0039146
Bryce,Young,Bryce Young,CAR,QB,00-0039150
Will,Levis,Will Levis,NYJ,QB,00-0039152
C.J.,Stroud,C.J. Stroud,HOU,QB,00-0039163
Anthony,Richardson,Anthony Richardson,IND,QB,00-0039164
Zach,Charbonnet,Zach Charbonnet,SEA,RB,00-0039165
Johnny,Wilson,Johnny Wilson,PHI,WR,00-0039236
Chris,Collier,Chris Collier,LV,RB,00-0039244
McCallan,Castles,McCallan Castles,GB,TE,00-0039263
Kendall,Milton,Kendall Milton,CIN,RB,00-0039266
George,Holani,George Holani,SEA,RB,00-0039299
Jack,Westover,Jack Westover,WAS,TE,00-0039305
Carson,Steele,Carson Steele,PHI,RB,00-0039325
Julian,Hicks,Julian Hicks,SEA,WR,00-0039329
Malik,Nabers,Malik Nabers,NYG,WR,00-0039337
Brock,Bowers,Brock Bowers,LV,TE,00-0039338
Xavier,Legette,Xavier Legette,CAR,WR,00-0039342
Jonathon,Brooks,Jonathon Brooks,CAR,RB,00-0039344
Luke,McCaffrey,Luke McCaffrey,WAS,WR,00-0039355
Ja'Tavion,Sanders,Ja'Tavion Sanders,CAR,TE,00-0039356
Cade,Stover,Cade Stover,HOU,TE,00-0039359
Bucky,Irving,Bucky Irving,TB,RB,00-0039361
Isaac,Guerendo,Isaac Guerendo,SF,RB,00-0039363
Sione,Vaki,Sione Vaki,DET,RB,00-0039364
Jacob,Cowing,Jacob Cowing,SF,WR,00-0039365
Audric,Estimé,Audric Estimé,MIN,RB,00-0039373
Spencer,Rattler,Spencer Rattler,NO,QB,00-0039376
Tyrone,Tracy Jr.,Tyrone Tracy Jr.,NYG,RB,00-0039384
Bub,Means,Bub Means,CLE,WR,00-0039386
Kimani,Vidal,Kimani Vidal,LAC,RB,00-0039391
Casey,Washington,Casey Washington,CAR,WR,00-0039394
Joe,Milton III,Joe Milton III,DAL,QB,00-0039398
Jawhar,Jordan,Jawhar Jordan,HOU,RB,00-0039405
Dylan,Laube,Dylan Laube,LV,RB,00-0039407
Ryan,Flournoy,Ryan Flournoy,DAL,WR,00-0039410
Devaughn,Vele,Devaughn Vele,NO,WR,00-0039424
Isaiah,Williams,Isaiah Williams,NYJ,WR,00-0039451
Brenden,Bates,Brenden Bates,JAX,TE,00-0039458
Frank,Gore Jr.,Frank Gore Jr.,BUF,RB,00-0039471
Lawrence,Keys,Lawrence Keys,DET,WR,00-0039474
Hayden,Rucci,Hayden Rucci,LAC,TE,00-0039489
Jalen,Coker,Jalen Coker,CAR,WR,00-0039491
Treyton,Welch,Treyton Welch,NO,TE,00-0039518
Brevyn,Spann-Ford,Brevyn Spann-Ford,DAL,TE,00-0039530
Carter,Bradley,Carter Bradley,JAX,QB,00-0039534
Shawn,Bowman,Shawn Bowman,ARI,TE,00-0039550
Kedon,Slovis,Kedon Slovis,GB,QB,00-0039577
Kameron,Johnson,Kameron Johnson,TB,WR,00-0039589
British,Brooks,British Brooks,HOU,RB,00-0039603
Mason,Tipton,Mason Tipton,NO,WR,00-0039623
Cole,Burgess,Cole Burgess,PIT,WR,00-0039626
Cam,Grandy,Cam Grandy,MIN,TE,00-0039631
David,Martin-Robinson,David Martin-Robinson,TEN,TE,00-0039648
Bryce,Oliver,Bryce Oliver,HOU,WR,00-0039650
Jabari,Small,Jabari Small,DET,RB,00-0039652
Sam,Hartman,Sam Hartman,WAS,QB,00-0039677
Colson,Yankoff,Colson Yankoff,WAS,TE,00-0039686
Cody,Schrader,Cody Schrader,DEN,RB,00-0039703
Jeshaun,Jones,Jeshaun Jones,MIN,WR,00-0039710
Bo,Nix,Bo Nix,DEN,QB,00-0039732
Tip,Reiman,Tip Reiman,ARI,TE,00-0039737
Blake,Corum,Blake Corum,LA,RB,00-0039738
Roman,Wilson,Roman Wilson,PIT,WR,00-0039739
Will,Shipley,Will Shipley,PHI,RB,00-0039746
Jordan,Whittington,Jordan Whittington,LA,WR,00-0039751
Devontez,Walker,Devontez Walker,BAL,WR,00-0039792
AJ,Barner,AJ Barner,SEA,TE,00-0039793
Braelon,Allen,Braelon Allen,NYJ,RB,00-0039794
Rasheen,Ali,Rasheen Ali,BAL,RB,00-0039796
Isaiah,Davis,Isaiah Davis,NYJ,RB,00-0039798
MarShawn,Lloyd,MarShawn Lloyd,GB,RB,00-0039811
Erick,All,Erick All,CIN,TE,00-0039814
Anthony,Gould,Anthony Gould,IND,WR,00-0039816
Jared,Wiley,Jared Wiley,KC,TE,00-0039824
Qadir,Ismail,Qadir Ismail,CHI,TE,00-0039843
Theo,Johnson,Theo Johnson,NYG,TE,00-0039847
Marvin,Harrison Jr.,Marvin Harrison Jr.,ARI,WR,00-0039849
Drake,Maye,Drake Maye,NE,QB,00-0039851
Jalen,McMillan,Jalen McMillan,TB,WR,00-0039855
Troy,Franklin,Troy Franklin,DEN,WR,00-0039868
Jaylen,Wright,Jaylen Wright,MIA,RB,00-0039874
Ray,Davis,Ray Davis,BUF,RB,00-0039875
Malik,Washington,Malik Washington,MIA,WR,00-0039880
Adonai,Mitchell,Adonai Mitchell,NYJ,WR,00-0039890
Brian,Thomas Jr.,Brian Thomas Jr.,JAX,WR,00-0039893
Xavier,Worthy,Xavier Worthy,KC,WR,00-0039894
Keon,Coleman,Keon Coleman,BUF,WR,00-0039901
Jayden,Daniels,Jayden Daniels,WAS,QB,00-0039910
Ben,Sinnott,Ben Sinnott,WAS,TE,00-0039912
Ladd,McConkey,Ladd McConkey,LAC,WR,00-0039915
Ricky,Pearsall,Ricky Pearsall,SF,WR,00-0039916
Michael,Penix Jr.,Michael Penix Jr.,ATL,QB,00-0039917
Caleb,Williams,Caleb Williams,CHI,QB,00-0039918
Rome,Odunze,Rome Odunze,CHI,WR,00-0039919
Malachi,Corley,Malachi Corley,CLE,WR,00-0039920
Trey,Benson,Trey Benson,ARI,RB,00-0039921
J.J.,McCarthy,J.J. McCarthy,NYG,QB,00-0039923
Thomas,Yassmin,Thomas Yassmin,GB,TE,00-0039936
Savion,Williams,Savion Williams,GB,WR,00-0040009
Kyle,McCord,Kyle McCord,MIA,QB,00-0040014
Phil,Mafah,Phil Mafah,NYG,RB,00-0040021
Darius,Cooper,Darius Cooper,PHI,WR,00-0040024
Amar,Johnson,Amar Johnson,LAC,RB,00-0040039
Josh,Kelly,Josh Kelly,HOU,WR,00-0040049
Nick,Kallerup,Nick Kallerup,SEA,TE,00-0040058
Jacardia,Wright,Jacardia Wright,SEA,RB,00-0040067
LaJohntay,Wester,LaJohntay Wester,BAL,WR,00-0040075
Brashard,Smith,Brashard Smith,KC,RB,00-0040078
Jake,Briningstool,Jake Briningstool,KC,TE,00-0040081
Tre,Watson,Tre Watson,MIA,TE,00-0040094
Xavier,Guillory,Xavier Guillory,BAL,WR,00-0040099
Jimmy,Holiday,Jimmy Holiday,KC,WR,00-0040120
Ashton,Jeanty,Ashton Jeanty,LV,RB,00-0040122
Tetairoa,McMillan,Tetairoa McMillan,CAR,WR,00-0040124
Colston,Loveland,Colston Loveland,CHI,TE,00-0040126
Tyler,Warren,Tyler Warren,IND,TE,00-0040128
Emeka,Egbuka,Emeka Egbuka,TB,WR,00-0040129
Jayden,Higgins,Jayden Higgins,HOU,WR,00-0040130
Kyle,Williams,Kyle Williams,NE,WR,00-0040131
Pat,Bryant,Pat Bryant,DEN,WR,00-0040134
Jaylin,Noel,Jaylin Noel,HOU,WR,00-0040138
Kaleb,Johnson,Kaleb Johnson,GB,RB,00-0040142
Tai,Felton,Tai Felton,MIN,WR,00-0040154
Dylan,Sampson,Dylan Sampson,CLE,RB,00-0040162
Jaylin,Lane,Jaylin Lane,WAS,WR,00-0040164
Elic,Ayomanor,Elic Ayomanor,TEN,WR,00-0040170
Jordan,Watkins,Jordan Watkins,SF,WR,00-0040172
Jordan,James,Jordan James,SF,RB,00-0040177
DJ,Giddens,DJ Giddens,IND,RB,00-0040179
KeAndre,Lambert-Smith,KeAndre Lambert-Smith,LAC,WR,00-0040184
Mitchell,Evans,Mitchell Evans,CAR,TE,00-0040187
Oronde,Gadsden II,Oronde Gadsden II,LAC,TE,00-0040189
Jackson,Hawes,Jackson Hawes,BUF,TE,00-0040194
Ollie,Gordon II,Ollie Gordon II,MIA,RB,00-0040198
Devin,Neal,Devin Neal,MIN,RB,00-0040202
Will,Howard,Will Howard,PIT,QB,00-0040203
Kalel,Mullings,Kalel Mullings,TEN,RB,00-0040205
Riley,Leonard,Riley Leonard,IND,QB,00-0040206
Tahj,Brooks,Tahj Brooks,CIN,RB,00-0040208
Graham,Mertz,Graham Mertz,HOU,QB,00-0040211
Gavin,Bartholomew,Gavin Bartholomew,MIN,TE,00-0040215
Jimmy,Horn Jr.,Jimmy Horn Jr.,CLE,WR,00-0040218
Thomas,Fidone II,Thomas Fidone II,NYG,TE,00-0040225
Quinn,Ewers,Quinn Ewers,JAX,QB,00-0040234
Kyle,Monangai,Kyle Monangai,CHI,RB,00-0040236
Tez,Johnson,Tez Johnson,TB,WR,00-0040237
LeQuint,Allen Jr.,LeQuint Allen Jr.,JAX,RB,00-0040238
Caleb,Lohner,Caleb Lohner,DEN,TE,00-0040240
Dominic,Lovett,Dominic Lovett,DET,WR,00-0040241
Jacory,Croskey-Merritt,Jacory Croskey-Merritt,WAS,RB,00-0040242
Moliki,Matavao,Moliki Matavao,NO,TE,00-0040244
Gage,Larvadain,Gage Larvadain,BAL,WR,00-0040259
Ahmani,Marshall,Ahmani Marshall,CAR,RB,00-0040260
Ja'Seem,Reed,Ja'Seem Reed,CAR,WR,00-0040265
JP,Richardson,JP Richardson,CHI,WR,00-0040275
Jahdae,Walker,Jahdae Walker,CHI,WR,00-0040277
Andrew,Armstrong,Andrew Armstrong,KC,WR,00-0040298
A.J.,Henning,A.J. Henning,MIA,WR,00-0040302
Theo,Wease Jr.,Theo Wease Jr.,LAC,WR,00-0040311
Chandler,Brayboy,Chandler Brayboy,NE,WR,00-0040323
Patrick,Herbert,Patrick Herbert,LAC,TE,00-0040331
Eli,Pancol,Eli Pancol,IND,WR,00-0040337
Coleman,Owen,Coleman Owen,GB,WR,00-0040352
Stephen,Gosnell,Stephen Gosnell,BUF,WR,00-0040361
Keleki,Latu,Keleki Latu,BUF,TE,00-0040363
Jordan,Moore,Jordan Moore,CIN,WR,00-0040375
Jackson,Meeks,Jackson Meeks,DET,TE,00-0040390
Anthony,Tyus III,Anthony Tyus III,CAR,RB,00-0040394
Brady,Cook,Brady Cook,MIA,QB,00-0040398
Jamaal,Pritchett,Jamaal Pritchett,NYJ,WR,00-0040405
Garrett,Greene,Garrett Greene,TB,WR,00-0040419
Josh,Williams,Josh Williams,TB,RB,00-0040429
Dalen,Cambre,Dalen Cambre,NYG,WR,00-0040431
Beaux,Collins,Beaux Collins,ATL,WR,00-0040432
Antwane,Wells Jr.,Antwane Wells Jr.,ATL,WR,00-0040438
DJ,Uiagalelei,DJ Uiagalelei,LAC,QB,00-0040464
Raheim,Sanders,Raheim Sanders,CLE,RB,00-0040466
Carter,Runyon,Carter Runyon,LV,TE,00-0040488
Max,Brosmer,Max Brosmer,MIN,QB,00-0040494
Dontae,Fleming,Dontae Fleming,MIN,WR,00-0040498
Bryson,Nesbit,Bryson Nesbit,MIN,TE,00-0040504
Myles,Price,Myles Price,MIN,WR,00-0040506
Ben,Yurosek,Ben Yurosek,MIN,TE,00-0040509
Xavier,Restrepo,Xavier Restrepo,TEN,WR,00-0040522
Nate,Carter,Nate Carter,KC,RB,00-0040547
Joshua,Simon,Joshua Simon,WAS,TE,00-0040552
Quincy,Skinner Jr.,Quincy Skinner Jr.,GB,WR,00-0040553
Corey,Kiner,Corey Kiner,NE,RB,00-0040556
Isaiah,Neyor,Isaiah Neyor,GB,WR,00-0040558
Efton,Chism III,Efton Chism III,NE,WR,00-0040563
CJ,Dippre,CJ Dippre,TB,TE,00-0040566
Brock,Lampe,Brock Lampe,BUF,RB,00-0040567
Lan,Larison,Lan Larison,NE,RB,00-0040568
Jeremiah,Webb,Jeremiah Webb,NE,WR,00-0040570
Dont'e,Thornton Jr.,Dont'e Thornton Jr.,LV,WR,00-0040581
Arian,Smith,Arian Smith,NYJ,WR,00-0040582
Woody,Marks,Woody Marks,HOU,RB,00-0040583
Gunnar,Helm,Gunnar Helm,TEN,TE,00-0040584
Jaydon,Blue,Jaydon Blue,PHI,RB,00-0040586
Kurtis,Rourke,Kurtis Rourke,SF,QB,00-0040589
Konata,Mumpfield,Konata Mumpfield,LA,WR,00-0040590
Brennan,Presley,Brennan Presley,LA,WR,00-0040597
Mark,Redman,Mark Redman,GB,TE,00-0040598
Jordan,Waters,Jordan Waters,LA,RB,00-0040601
Max,Hurleman,Max Hurleman,PIT,WR,00-0040618
Montorie,Foster Jr,Montorie Foster Jr,SEA,WR,00-0040621
Drake,Dabney,Drake Dabney,GB,TE,00-0040628
Kyrese,Rowan,Kyrese Rowan,NO,WR,00-0040633
Trevor,Etienne,Trevor Etienne,CAR,RB,00-0040644
Jalen,Royals,Jalen Royals,KC,WR,00-0040646
Tory,Horton,Tory Horton,SEA,WR,00-0040648
Robbie,Ouzts,Robbie Ouzts,SEA,RB,00-0040649
Ricky,White III,Ricky White III,SEA,WR,00-0040653
Harold,Fannin Jr.,Harold Fannin Jr.,CLE,TE,00-0040663
Omarion,Hampton,Omarion Hampton,LAC,RB,00-0040666
Matthew,Golden,Matthew Golden,GB,WR,00-0040667
Shedeur,Sanders,Shedeur Sanders,CLE,QB,00-0040668
Isaac,TeSlaa,Isaac TeSlaa,DET,WR,00-0040669
Jalen,Milroe,Jalen Milroe,SEA,QB,00-0040673
Cam,Ward,Cam Ward,TEN,QB,00-0040676
Jaxson,Dart,Jaxson Dart,NYG,QB,00-0040691
Jarquez,Hunter,Jarquez Hunter,MIA,RB,00-0040692
Thomas,Gordon,Thomas Gordon,DET,TE,00-0040697
Mitch,Van Vooren,Mitch Van Vooren,DAL,TE,00-0040702
Dillon,Gabriel,Dillon Gabriel,CLE,QB,00-0040704
Chimere,Dike,Chimere Dike,TEN,WR,00-0040705
Cam,Skattebo,Cam Skattebo,NYG,RB,00-0040715
Travis,Hunter,Travis Hunter,JAX,WR,00-0040718
Bhayshul,Tuten,Bhayshul Tuten,JAX,RB,00-0040719
Tre,Harris,Tre Harris,LAC,WR,00-0040727
Jack,Bech,Jack Bech,LV,WR,00-0040729
RJ,Harvey,RJ Harvey,DEN,RB,00-0040730
TreVeyon,Henderson,TreVeyon Henderson,NE,RB,00-0040734
Luther,Burden III,Luther Burden III,CHI,WR,00-0040735
Mason,Taylor,Mason Taylor,NYJ,TE,00-0040736
Terrance,Ferguson,Terrance Ferguson,LA,TE,00-0040737
Elijah,Arroyo,Elijah Arroyo,SEA,TE,00-0040739
Tyler,Shough,Tyler Shough,NO,QB,00-0040743
Will,Sheppard,Will Sheppard,MIA,WR,00-0040753
Isaiah,Bond,Isaiah Bond,CLE,WR,00-0040782
Quinshon,Judkins,Quinshon Judkins,CLE,RB,00-0040784
Dohnte,Meyers,Dohnte Meyers,CIN,WR,00-0040785
Carson,Towt,Carson Towt,IND,TE,00-0040853
Makai,Lemon,Makai Lemon,PHI,WR,00-0040867
Ja'Kobi,Lane,Ja'Kobi Lane,BAL,WR,00-0040870
Elijah,Sarratt,Elijah Sarratt,BAL,WR,00-0040876
Mike,Washington Jr.,Mike Washington Jr.,LV,RB,00-0040878
Matthew,Hibner,Matthew Hibner,BAL,TE,00-0040879
Nicholas,Singleton,Nicholas Singleton,TEN,RB,00-0040886
Josh,Cuevas,Josh Cuevas,BAL,TE,00-0040887
Adam,Randall,Adam Randall,BAL,RB,00-0040888
Cyrus,Allen,Cyrus Allen,KC,WR,00-0040890
Cole,Payton,Cole Payton,PHI,QB,00-0040891
Malik,Benson,Malik Benson,LV,WR,00-0040894
Emmanuel,Henderson Jr.,Emmanuel Henderson Jr.,SEA,WR,00-0040895
Anthony,Smith,Anthony Smith,DAL,WR,00-0040900
Jaren,Kanak,Jaren Kanak,TEN,TE,00-0040901
Garrett,Nussmeier,Garrett Nussmeier,KC,QB,00-0040906
Tyren,Montgomery,Tyren Montgomery,TEN,WR,00-0040919
Camden,Brown,Camden Brown,DAL,WR,00-0040930
Jordan,Hudson,Jordan Hudson,DAL,WR,00-0040934
Dominic,Richardson,Dominic Richardson,NYJ,RB,00-0040937
DJ,Rogers,DJ Rogers,DAL,TE,00-0040938
Michael,Trigg,Michael Trigg,DAL,TE,00-0040939
J.,Michael Sturdivant,J. Michael Sturdivant,GB,WR,00-0040948
Jeff,Caldwell,Jeff Caldwell,KC,WR,00-0040953
Omari,Evans,Omari Evans,KC,WR,00-0040954
John,Michael Gyllenborg,John Michael Gyllenborg,KC,TE,00-0040955
Jaydn,Ott,Jaydn Ott,KC,RB,00-0040959
EJ,Smith,EJ Smith,KC,RB,00-0040964
Michael,Briscoe,Michael Briscoe,MIN,WR,00-0040970
Joe,Fagnano,Joe Fagnano,BAL,QB,00-0040981
Ty,Pezza,Ty Pezza,BAL,WR,00-0040986
Roman,Hemby,Roman Hemby,LV,RB,00-0040998
Chase,Roberts,Chase Roberts,LV,WR,00-0041004
Corey,Rucker,Corey Rucker,LV,WR,00-0041005
Emmett,Johnson,Emmett Johnson,KC,RB,00-0041013
Patrick,Gurd,Patrick Gurd,LV,TE,00-0041016
Jeremiyah,Love,Jeremiyah Love,ARI,RB,00-0041027
Jordyn,Tyson,Jordyn Tyson,NO,WR,00-0041029
Kenyon,Sadiq,Kenyon Sadiq,NYJ,TE,00-0041032
De'Zhaun,Stribling,De'Zhaun Stribling,SF,WR,00-0041035
Denzel,Boston,Denzel Boston,CLE,WR,00-0041037
Antonio,Williams,Antonio Williams,WAS,WR,00-0041040
Oscar,Delp,Oscar Delp,NO,TE,00-0041041
Malachi,Fields,Malachi Fields,NYG,WR,00-0041042
Zachariah,Branch,Zachariah Branch,ATL,WR,00-0041044
Chris,Brazzell II,Chris Brazzell II,CAR,WR,00-0041047
Ted,Hurst III,Ted Hurst III,TB,WR,00-0041048
Zavion,Thomas,Zavion Thomas,CHI,WR,00-0041051
Kaelon,Black,Kaelon Black,SF,RB,00-0041052
Cade,Klubnik,Cade Klubnik,NYJ,QB,00-0041056
Bryce,Lance,Bryce Lance,NO,WR,00-0041067
Colbie,Young,Colbie Young,CIN,WR,00-0041069
Reggie,Virgil,Reggie Virgil,ARI,WR,00-0041070
Justin,Joly,Justin Joly,MIA,TE,00-0041077
Max,Bredeson,Max Bredeson,MIN,RB,00-0041081
Tanner,Koziol,Tanner Koziol,JAX,TE,00-0041084
Joe,Royer,Joe Royer,CLE,TE,00-0041087
Taylen,Green,Taylen Green,CLE,QB,00-0041092
Bauer,Sharp,Bauer Sharp,TB,TE,00-0041094
Kaytron,Allen,Kaytron Allen,WAS,RB,00-0041096
Barion,Brown,Barion Brown,NO,WR,00-0041099
Josh,Cameron,Josh Cameron,JAX,WR,00-0041100
Demond,Claiborne,Demond Claiborne,MIN,RB,00-0041104
C.J.,Williams,C.J. Williams,JAX,WR,00-0041106
Jack,Endries,Jack Endries,CIN,TE,00-0041116
Athan,Kaliakmanis,Athan Kaliakmanis,WAS,QB,00-0041117
Behren,Morton,Behren Morton,NE,QB,00-0041123
Seth,McGowan,Seth McGowan,IND,RB,00-0041125
Carsen,Ryan,Carsen Ryan,CLE,TE,00-0041131
Deion,Burks,Deion Burks,IND,WR,00-0041132
Dallen,Bentley,Dallen Bentley,DEN,TE,00-0041133
Haynes,King,Haynes King,CAR,QB,00-0041149
Hayden,Large,Hayden Large,CHI,TE,00-0041170
Miller,Moss,Miller Moss,CHI,QB,00-0041172
Jaden,Bradley,Jaden Bradley,WAS,WR,00-0041176
Robert,Henry Jr.,Robert Henry Jr.,WAS,RB,00-0041178
Vinny,Anthony II,Vinny Anthony II,ATL,WR,00-0041185
Cash,Jones,Cash Jones,ATL,RB,00-0041191
Jack,Strand,Jack Strand,ATL,QB,00-0041194
Jack,Velling,Jack Velling,ATL,TE,00-0041195
Joey,Aguilar,Joey Aguilar,JAX,QB,00-0041203
Trebor,Pena,Trebor Pena,JAX,WR,00-0041216
J'Mari,Taylor,J'Mari Taylor,JAX,RB,00-0041217
Michael,Wortham,Michael Wortham,JAX,WR,00-0041220
Chip,Trayanum,Chip Trayanum,NYJ,RB,00-0041239
Kentrel,Bullock,Kentrel Bullock,CIN,RB,00-0041241
Noah,Thomas,Noah Thomas,CIN,WR,00-0041248
Jalon,Daniels,Jalon Daniels,TB,QB,00-0041251
Kenny,Fletcher Jr.,Kenny Fletcher Jr.,IND,TE,00-0041252
Eric,Rivers Jr.,Eric Rivers Jr.,TB,WR,00-0041257
Lake,McRee,Lake McRee,PIT,TE,00-0041263
Malik,McClain,Malik McClain,NYJ,WR,00-0041267
Ja'Mori,Maclin,Ja'Mori Maclin,BUF,WR,00-0041272
Davon,Booth,Davon Booth,IND,RB,00-0041277
Kolbe,Katsis,Kolbe Katsis,DEN,WR,00-0041292
Dane,Key,Dane Key,DEN,WR,00-0041293
Treyvhon,Saunders,Treyvhon Saunders,HOU,WR,00-0041308
Daniel,Sobkowicz,Daniel Sobkowicz,HOU,WR,00-0041309
Noah,Whittington,Noah Whittington,HOU,RB,00-0041312
Tanner,Arkin,Tanner Arkin,NE,TE,00-0041314
Kyle,Dixon,Kyle Dixon,NE,WR,00-0041318
Cameron,Dorner,Cameron Dorner,NE,WR,00-0041319
Myles,Montgomery,Myles Montgomery,NE,RB,00-0041323
CJ,Donaldson,CJ Donaldson,NO,RB,00-0041326
Cody,Hardy,Cody Hardy,NYJ,TE,00-0041327
Dillon,Bell,Dillon Bell,MIN,WR,00-0041342
Khalil,Dinkins,Khalil Dinkins,SF,TE,00-0041357
Wesley,Grimes,Wesley Grimes,SF,WR,00-0041359
Will,Pauling,Will Pauling,SF,WR,00-0041361
Jameson,Geers,Jameson Geers,ARI,TE,00-0041366
Harrison,Wallace III,Harrison Wallace III,ARI,WR,00-0041368
Sincere,Brown,Sincere Brown,LAC,WR,00-0041374
Gregory,Desrosiers,Gregory Desrosiers,LAC,RB,00-0041376
Evan,Svoboda,Evan Svoboda,LAC,TE,00-0041384
Eli,Raridon,Eli Raridon,NE,TE,00-0041395
Kaden,Wetjen,Kaden Wetjen,PIT,WR,00-0041397
Riley,Nowakowski,Riley Nowakowski,PIT,RB,00-0041398
CJ,Daniels,CJ Daniels,LA,WR,00-0041399
Matthew,Caldwell,Matthew Caldwell,LA,QB,00-0041414
Dean,Connors,Dean Connors,LA,RB,00-0041415
Dan,Villari,Dan Villari,LA,TE,00-0041422
Dean,Patterson IV,Dean Patterson IV,TB,WR,00-0041435
DJ,Herman,DJ Herman,MIA,RB,00-0041436
Carnell,Tate,Carnell Tate,TEN,WR,00-0041438
Skyler,Bell,Skyler Bell,BUF,WR,00-0041443
Kendrick,Law,Kendrick Law,DET,WR,00-0041446
Brock,Rechsteiner,Brock Rechsteiner,NO,WR,00-0041451
Luke,Altmyer,Luke Altmyer,DET,QB,00-0041453
Miles,Kitselman,Miles Kitselman,DET,TE,00-0041457
Lewis,Bond,Lewis Bond,HOU,WR,00-0041467
Marlin,Klein,Marlin Klein,HOU,TE,00-0041472
Eli,Stowers,Eli Stowers,PHI,TE,00-0041483
Germie,Bernard,Germie Bernard,PIT,WR,00-0041489
Eli,Heidenreich,Eli Heidenreich,PIT,RB,00-0041490
Jonah,Coleman,Jonah Coleman,DEN,RB,00-0041496
Nate,Boerkircher,Nate Boerkircher,JAX,TE,00-0041503
Max,Klare,Max Klare,LA,TE,00-0041510
Omar,Cooper Jr.,Omar Cooper Jr.,NYJ,WR,00-0041511
Jadarian,Price,Jadarian Price,SEA,RB,00-0041512
Caleb,Douglas,Caleb Douglas,MIA,WR,00-0041523
Will,Kacmarek,Will Kacmarek,MIA,TE,00-0041524
Chris,Bell,Chris Bell,MIA,WR,00-0041525
Kevin,Coleman Jr.,Kevin Coleman Jr.,MIA,WR,00-0041529
Malick,Meiga,Malick Meiga,SEA,WR,00-0041542
KC,Concepcion,KC Concepcion,CLE,WR,00-0041547
Brenen,Thompson,Brenen Thompson,LAC,WR,00-0041550
Sam,Roush,Sam Roush,CHI,TE,00-0041558
Carson,Beck,Carson Beck,ARI,QB,00-0041561
Fernando,Mendoza,Fernando Mendoza,LV,QB,00-0041562
Drew,Allar,Drew Allar,PIT,QB,00-0041565
Ty,Simpson,Ty Simpson,LA,QB,00-0041568
Connor,Hulstein,Connor Hulstein,NYJ,TE,00-0041577
Seydou,Traore,Seydou Traore,MIA,TE,00-0041579
Grant,Finley,Grant Finley,NYG,RB,00-0041585
